use ecommerce;

-- Inserindo 30 usuários
INSERT INTO usuarios (nome, email, senha_hash, celular, cpf) VALUES
('João Silva', 'joao.silva@email.com', '$2a$10$SenhaHashExemplo1234567890ABCDE', '(11)98877-0001', '111.111.111-11'),
('Maria Oliveira', 'maria.oliveira@email.com', '$2a$10$SenhaHashExemplo1234567890ABCDE', '(11)98877-0002', '222.222.222-22'),
('Carlos Souza', 'carlos.souza@email.com', '$2a$10$SenhaHashExemplo1234567890ABCDE', '(11)98877-0003', '333.333.333-33'),
('Ana Lima', 'ana.lima@email.com', '$2a$10$SenhaHashExemplo1234567890ABCDE', '(11)98877-0004', '444.444.444-44'),
('Fernanda Costa', 'fernanda.costa@email.com', '$2a$10$SenhaHashExemplo1234567890ABCDE', '(11)98877-0005', '555.555.555-55'),
('Paulo Martins', 'paulo.martins@email.com', '$2a$10$SenhaHashExemplo1234567890ABCDE', '(11)98877-0006', '666.666.666-66'),
('Juliana Alves', 'juliana.alves@email.com', '$2a$10$SenhaHashExemplo1234567890ABCDE', '(11)98877-0007', '777.777.777-77'),
('Ricardo Gomes', 'ricardo.gomes@email.com', '$2a$10$SenhaHashExemplo1234567890ABCDE', '(11)98877-0008', '888.888.888-88'),
('Camila Rocha', 'camila.rocha@email.com', '$2a$10$SenhaHashExemplo1234567890ABCDE', '(11)98877-0009', '999.999.999-99'),
('Bruno Fernandes', 'bruno.fernandes@email.com', '$2a$10$SenhaHashExemplo1234567890ABCDE', '(11)98877-0010', '123.456.789-00'),
('Larissa Souza', 'larissa.souza@email.com', '$2a$10$SenhaHashExemplo1234567890ABCDE', '(11)98877-0011', '987.654.321-00'),
('Felipe Santos', 'felipe.santos@email.com', '$2a$10$SenhaHashExemplo1234567890ABCDE', '(11)98877-0012', '321.654.987-00'),
('Patrícia Mendes', 'patricia.mendes@email.com', '$2a$10$SenhaHashExemplo1234567890ABCDE', '(11)98877-0013', '654.987.321-00'),
('Gabriel Araújo', 'gabriel.araujo@email.com', '$2a$10$SenhaHashExemplo1234567890ABCDE', '(11)98877-0014', '741.852.963-00'),
('Bianca Ribeiro', 'bianca.ribeiro@email.com', '$2a$10$SenhaHashExemplo1234567890ABCDE', '(11)98877-0015', '852.963.741-00'),
('Marcos Vinicius', 'marcos.vinicius@email.com', '$2a$10$SenhaHashExemplo1234567890ABCDE', '(11)98877-0016', '159.357.456-00'),
('Sabrina Freitas', 'sabrina.freitas@email.com', '$2a$10$SenhaHashExemplo1234567890ABCDE', '(11)98877-0017', '357.159.654-00'),
('Thiago Melo', 'thiago.melo@email.com', '$2a$10$SenhaHashExemplo1234567890ABCDE', '(11)98877-0018', '258.456.147-00'),
('Amanda Nunes', 'amanda.nunes@email.com', '$2a$10$SenhaHashExemplo1234567890ABCDE', '(11)98877-0019', '147.258.369-00'),
('Rodrigo Carvalho', 'rodrigo.carvalho@email.com', '$2a$10$SenhaHashExemplo1234567890ABCDE', '(11)98877-0020', '369.147.258-00'),
('Isabela Duarte', 'isabela.duarte@email.com', '$2a$10$SenhaHashExemplo1234567890ABCDE', '(11)98877-0021', '741.963.852-00'),
('Diego Barros', 'diego.barros@email.com', '$2a$10$SenhaHashExemplo1234567890ABCDE', '(11)98877-0022', '852.741.963-00'),
('Tatiane Faria', 'tatiane.faria@email.com', '$2a$10$SenhaHashExemplo1234567890ABCDE', '(11)98877-0023', '951.753.159-00'),
('Lucas Moreira', 'lucas.moreira@email.com', '$2a$10$SenhaHashExemplo1234567890ABCDE', '(11)98877-0024', '753.951.357-00'),
('Aline Cardoso', 'aline.cardoso@email.com', '$2a$10$SenhaHashExemplo1234567890ABCDE', '(11)98877-0025', '456.123.789-00'),
('Eduardo Batista', 'eduardo.batista@email.com', '$2a$10$SenhaHashExemplo1234567890ABCDE', '(11)98877-0026', '789.456.123-00'),
('Natália Teixeira', 'natalia.teixeira@email.com', '$2a$10$SenhaHashExemplo1234567890ABCDE', '(11)98877-0027', '852.456.159-00'),
('Gustavo Lopes', 'gustavo.lopes@email.com', '$2a$10$SenhaHashExemplo1234567890ABCDE', '(11)98877-0028', '951.159.357-00'),
('Carolina Pires', 'carolina.pires@email.com', '$2a$10$SenhaHashExemplo1234567890ABCDE', '(11)98877-0029', '357.456.951-00'),
('André Santana', 'andre.santana@email.com', '$2a$10$SenhaHashExemplo1234567890ABCDE', '(11)98877-0030', '159.951.753-00');

-- Inserindo 30 endereços (um para cada usuário)
INSERT INTO enderecos (usuario_id, rua, numero, complemento, bairro, cidade, estado, cep) VALUES
(1, 'Rua das Flores', '123', 'Apto 12', 'Centro', 'São Paulo', 'SP', '01001-000'),
(2, 'Avenida Atlântica', '456', NULL, 'Copacabana', 'Rio de Janeiro', 'RJ', '22021-001'),
(3, 'Rua da Liberdade', '789', 'Casa', 'Liberdade', 'São Paulo', 'SP', '01503-001'),
(4, 'Rua Minas Gerais', '101', NULL, 'Savassi', 'Belo Horizonte', 'MG', '30130-010'),
(5, 'Rua XV de Novembro', '55', 'Sala 2', 'Centro', 'Curitiba', 'PR', '80020-310'),
(6, 'Rua das Palmeiras', '77', NULL, 'Boa Viagem', 'Recife', 'PE', '51020-400'),
(7, 'Rua do Comércio', '900', NULL, 'Centro', 'Porto Alegre', 'RS', '90010-320'),
(8, 'Avenida Goiás', '321', 'Bloco A', 'Centro', 'Goiânia', 'GO', '74000-010'),
(9, 'Rua Chile', '87', NULL, 'Centro', 'Salvador', 'BA', '40020-000'),
(10, 'Rua das Acácias', '45', NULL, 'Asa Sul', 'Brasília', 'DF', '70390-000'),
(11, 'Rua Pernambuco', '200', 'Casa', 'Funcionários', 'Belo Horizonte', 'MG', '30130-150'),
(12, 'Rua das Andorinhas', '12', NULL, 'Batel', 'Curitiba', 'PR', '80240-030'),
(13, 'Rua Frei Caneca', '88', 'Apto 101', 'Consolação', 'São Paulo', 'SP', '01307-001'),
(14, 'Rua Senador Pompeu', '33', NULL, 'Centro', 'Fortaleza', 'CE', '60025-000'),
(15, 'Avenida das Torres', '55', NULL, 'Aleixo', 'Manaus', 'AM', '69083-000'),
(16, 'Rua Barão do Rio Branco', '1000', 'Sala 5', 'Centro', 'Florianópolis', 'SC', '88015-201'),
(17, 'Rua Coronel Genuíno', '321', NULL, 'Cidade Baixa', 'Porto Alegre', 'RS', '90010-350'),
(18, 'Rua da Aurora', '410', NULL, 'Santo Amaro', 'Recife', 'PE', '50050-000'),
(19, 'Rua Carlos Gomes', '72', NULL, 'Centro', 'Salvador', 'BA', '40020-150'),
(20, 'Rua 24 de Outubro', '89', 'Apto 302', 'Moinhos de Vento', 'Porto Alegre', 'RS', '90510-000'),
(21, 'Rua da Consolação', '77', NULL, 'Consolação', 'São Paulo', 'SP', '01301-100'),
(22, 'Rua João Pessoa', '134', NULL, 'Centro', 'Natal', 'RN', '59025-000'),
(23, 'Rua Dom Bosco', '221', NULL, 'Boa Vista', 'Recife', 'PE', '50070-000'),
(24, 'Rua Alfredo Maia', '65', 'Bloco B', 'Brás', 'São Paulo', 'SP', '03026-050'),
(25, 'Rua Silva Jardim', '543', NULL, 'Centro', 'Curitiba', 'PR', '80010-210'),
(26, 'Rua São Francisco', '98', 'Casa 2', 'Pelourinho', 'Salvador', 'BA', '40026-060'),
(27, 'Rua Padre Cícero', '34', NULL, 'Centro', 'Juazeiro do Norte', 'CE', '63010-020'),
(28, 'Rua das Hortênsias', '12', NULL, 'Canela', 'Gramado', 'RS', '95670-000'),
(29, 'Rua Antônio Carlos', '200', NULL, 'Centro', 'Belo Horizonte', 'MG', '30170-010'),
(30, 'Rua Dom Pedro II', '150', 'Casa', 'Centro', 'Fortaleza', 'CE', '60060-000');

-- Inserindo 30 categorias
INSERT INTO categorias (nome, descricao) VALUES
('Eletrônicos', 'Dispositivos eletrônicos e acessórios'),
('Informática', 'Computadores, notebooks e periféricos'),
('Smartphones', 'Celulares e acessórios para telefonia móvel'),
('Eletrodomésticos', 'Produtos para casa e cozinha'),
('Móveis', 'Móveis para todos os ambientes'),
('Decoração', 'Artigos de decoração e design de interiores'),
('Moda Masculina', 'Roupas, calçados e acessórios para homens'),
('Moda Feminina', 'Roupas, calçados e acessórios para mulheres'),
('Moda Infantil', 'Roupas, calçados e acessórios para crianças'),
('Esportes', 'Artigos esportivos e equipamentos de ginástica'),
('Fitness', 'Produtos para treino, academia e saúde'),
('Beleza', 'Cosméticos, maquiagem e cuidados pessoais'),
('Perfumaria', 'Perfumes nacionais e importados'),
('Saúde', 'Vitaminas, medicamentos e bem-estar'),
('Alimentos', 'Comida, bebidas e produtos gourmet'),
('Bebidas', 'Refrigerantes, cervejas, vinhos e destilados'),
('Pet Shop', 'Rações e acessórios para animais de estimação'),
('Livros', 'Obras literárias e didáticas'),
('Papelaria', 'Materiais de escritório e escolares'),
('Brinquedos', 'Brinquedos e jogos para todas as idades'),
('Games', 'Jogos, consoles e acessórios gamer'),
('Filmes & Séries', 'DVDs, Blu-rays e colecionáveis'),
('Música', 'CDs, vinis e instrumentos musicais'),
('Automotivo', 'Peças e acessórios para veículos'),
('Ferramentas', 'Equipamentos e utilidades para construção'),
('Jardinagem', 'Ferramentas e itens para jardim e plantas'),
('Casa & Limpeza', 'Produtos para organização e limpeza'),
('Cama, Mesa e Banho', 'Lençóis, toalhas e utilidades domésticas'),
('Relógios & Joias', 'Relógios, alianças e joias finas'),
('Tecnologia Wearable', 'Smartwatches, pulseiras fitness e gadgets');

-- Inserindo 30 produtos
INSERT INTO produtos (nome, descricao, preco, estoque, imagem_url, categoria_id) VALUES
('Smartphone X', 'Celular de última geração com 128GB de memória', 2500.00, 50, 'img/smartphone_x.png', 3),
('Notebook Pro', 'Notebook para trabalho e jogos', 4500.00, 30, 'img/notebook_pro.png', 2),
('Smart TV 55"', 'Televisão 4K com HDR', 3200.00, 20, 'img/smarttv55.png', 1),
('Geladeira Frost Free', 'Geladeira com freezer e controle digital', 2800.00, 15, 'img/geladeira.png', 4),
('Sofá 3 Lugares', 'Sofá confortável de tecido cinza', 1800.00, 10, 'img/sofa.png', 5),
('Mesa de Jantar', 'Mesa de madeira com 6 cadeiras', 2200.00, 8, 'img/mesa.png', 5),
('Camiseta Básica Masculina', 'Camiseta 100% algodão', 49.90, 200, 'img/camiseta_masc.png', 7),
('Vestido Longo', 'Vestido elegante para festas', 129.90, 150, 'img/vestido.png', 8),
('Tênis Infantil', 'Tênis confortável para crianças', 89.90, 120, 'img/tenis_infantil.png', 9),
('Bola de Futebol', 'Bola oficial de futebol de campo', 99.90, 80, 'img/bola.png', 10),
('Kit Halteres', 'Par de halteres ajustáveis', 199.90, 60, 'img/halteres.png', 11),
('Batom Vermelho', 'Batom matte de longa duração', 39.90, 300, 'img/batom.png', 12),
('Perfume Floral', 'Perfume com fragrância suave', 120.00, 100, 'img/perfume.png', 13),
('Suplemento Vitamínico', 'Complexo de vitaminas diárias', 89.90, 150, 'img/vitaminas.png', 14),
('Cesta Gourmet', 'Cesta com chocolates e vinhos', 250.00, 50, 'img/cesta.png', 15),
('Vinho Tinto', 'Garrafa de vinho importado', 180.00, 80, 'img/vinho.png', 16),
('Ração Premium Cães', 'Ração nutritiva para cães adultos', 120.00, 200, 'img/racao.png', 17),
('Livro SQL Avançado', 'Aprenda SQL em nível profissional', 79.90, 100, 'img/sql_book.png', 18),
('Caderno Universitário', 'Caderno com 200 folhas', 25.00, 250, 'img/caderno.png', 19),
('Boneca Fashion', 'Boneca com acessórios', 99.90, 90, 'img/boneca.png', 20),
('Console Gamer Z', 'Console com 1TB de memória', 3500.00, 25, 'img/console.png', 21),
('Blu-ray Filme X', 'Filme em Blu-ray edição especial', 59.90, 70, 'img/bluray.png', 22),
('Violão Acústico', 'Violão de madeira clássico', 499.90, 40, 'img/violao.png', 23),
('Kit Palhetas Guitarra', 'Palhetas coloridas', 19.90, 200, 'img/palhetas.png', 23),
('Pneu Aro 16', 'Pneu automotivo de alta durabilidade', 350.00, 60, 'img/pneu.png', 24),
('Parafusadeira Elétrica', 'Parafusadeira sem fio 12V', 299.90, 50, 'img/parafusadeira.png', 25),
('Kit Jardinagem', 'Conjunto com pá, rastelo e tesoura', 79.90, 70, 'img/jardinagem.png', 26),
('Aspirador de Pó', 'Aspirador portátil de alta potência', 499.90, 30, 'img/aspirador.png', 27),
('Jogo de Lençóis', 'Lençóis casal 4 peças', 199.90, 60, 'img/lencois.png', 28),
('Relógio Smartwatch', 'Relógio inteligente multifuncional', 899.90, 40, 'img/smartwatch.png', 30);

-- Inserindo 30 pedidos
INSERT INTO pedidos (usuario_id, status, total) VALUES
(1, 'Concluído', 2549.90),
(2, 'Pendente', 4500.00),
(3, 'Enviado', 129.90),
(4, 'Concluído', 3200.00),
(5, 'Cancelado', 1800.00),
(6, 'Concluído', 199.90),
(7, 'Pendente', 99.90),
(8, 'Enviado', 2200.00),
(9, 'Concluído', 120.00),
(10, 'Concluído', 89.90),
(11, 'Pendente', 3500.00),
(12, 'Enviado', 79.90),
(13, 'Concluído', 39.90),
(14, 'Cancelado', 59.90),
(15, 'Concluído', 250.00),
(16, 'Concluído', 499.90),
(17, 'Pendente', 120.00),
(18, 'Concluído', 25.00),
(19, 'Enviado', 99.90),
(20, 'Concluído', 180.00),
(21, 'Cancelado', 899.90),
(22, 'Concluído', 350.00),
(23, 'Concluído', 199.90),
(24, 'Enviado', 499.90),
(25, 'Concluído', 299.90),
(26, 'Pendente', 79.90),
(27, 'Enviado', 499.90),
(28, 'Concluído', 199.90),
(29, 'Cancelado', 59.90),
(30, 'Concluído', 899.90);

-- Inserindo 30 itens de pedidos
INSERT INTO itens_pedido (pedido_id, produto_id, quantidade, preco_unitario) VALUES
(1, 1, 1, 2500.00),
(1, 7, 1, 49.90),
(2, 2, 1, 4500.00),
(3, 8, 1, 129.90),
(4, 3, 1, 3200.00),
(5, 5, 1, 1800.00),
(6, 11, 1, 199.90),
(7, 10, 1, 99.90),
(8, 6, 1, 2200.00),
(9, 13, 1, 120.00),
(10, 9, 1, 89.90),
(11, 21, 1, 3500.00),
(12, 18, 1, 79.90),
(13, 12, 1, 39.90),
(14, 22, 1, 59.90),
(15, 15, 1, 250.00),
(16, 23, 1, 499.90),
(17, 17, 1, 120.00),
(18, 19, 1, 25.00),
(19, 20, 1, 99.90),
(20, 16, 1, 180.00),
(21, 30, 1, 899.90),
(22, 25, 1, 350.00),
(23, 29, 1, 199.90),
(24, 28, 1, 499.90),
(25, 26, 1, 299.90),
(26, 27, 1, 79.90),
(27, 14, 1, 499.90),
(28, 24, 1, 199.90),
(29, 22, 1, 59.90),
(30, 30, 1, 899.90);